Person - Organization,Person - CompanyName,Person - Website,Person - Person created,Person - Email - Work,Person - Phone - Work,Person - ReferralURL,Person - Name,Page Title,Website Domain,Email Domain,Free Email,Company Domain,Country,US Status,Error,Organization Type,Lead Score,Lead Type,Campaign,Landing Page,Email Subject,Email Body
Cleveland Clinic,Cleveland Clinic,https://my.clevelandclinic.org,2026-03-11T13:32:45.580375+00:00,,409-3513131,,Community Commitment,Cleveland Clinic: Every Life Deserves World Class Care,my.clevelandclinic.org,,,,USA,US,,Medical Practice,60,Healthcare Practice,HIPAA Training Outreach,https://example.com/hipaa-training,HIPAA Training Support for Cleveland Clinic,"Hello Community Commitment,

I came across Cleveland Clinic while researching healthcare organizations focused on patient care and compliance.

We work with healthcare providers to deliver HIPAA-focused workforce training that helps organizations reduce compliance risk and keep staff up to date with regulatory requirements.

If helpful, you can review a brief overview here:
https://example.com/hipaa-training

If this is relevant for your team, I’d be happy to share more information.

Best regards
"
Mayo Clinic,Mayo Clinic,https://www.mayoclinic.org,2026-03-11T13:32:48.619124+00:00,,,,,,www.mayoclinic.org,,,,USA,US,,Medical Practice,60,Healthcare Practice,HIPAA Training Outreach,https://example.com/hipaa-training,HIPAA Training Support for Mayo Clinic,"Hello ,

I came across Mayo Clinic while researching healthcare organizations focused on patient care and compliance.

We work with healthcare providers to deliver HIPAA-focused workforce training that helps organizations reduce compliance risk and keep staff up to date with regulatory requirements.

If helpful, you can review a brief overview here:
https://example.com/hipaa-training

If this is relevant for your team, I’d be happy to share more information.

Best regards
"
Johns Hopkins Medicine,Johns Hopkins Medicine,https://www.hopkinsmedicine.org,2026-03-11T13:32:49.472828+00:00,,,,,,www.hopkinsmedicine.org,,,,USA,US,,Medical Practice,60,Healthcare Practice,HIPAA Training Outreach,https://example.com/hipaa-training,HIPAA Training Support for Johns Hopkins Medicine,"Hello ,

I came across Johns Hopkins Medicine while researching healthcare organizations focused on patient care and compliance.

We work with healthcare providers to deliver HIPAA-focused workforce training that helps organizations reduce compliance risk and keep staff up to date with regulatory requirements.

If helpful, you can review a brief overview here:
https://example.com/hipaa-training

If this is relevant for your team, I’d be happy to share more information.

Best regards
"
DPC,DPC,https://www.dpctechnology.com/,2026-03-11T13:32:50.137504+00:00,marketing@dpctechnology.com,1773234890,https://www.dpctechnology.com/contact-us,About Us,IT Services and Support for Your Business | DPC Technology,www.dpctechnology.com,dpctechnology.com,False,dpctechnology.com,USA,US,,Other,45,General,General Healthcare Outreach,https://example.com/healthcare-solutions,Healthcare workforce training resources,"Hello About Us,

I came across DPC while researching healthcare organizations.

Our team supports healthcare providers with compliance and workforce training resources.

You can learn more here:
https://example.com/healthcare-solutions

If this might be relevant for your team, I’d be happy to share additional information.

Best regards
"
